{
  "id": "db459053-d904-47a2-b96d-8ef9ae1dc187",
  "songId": "71e34f7a-1649-4f30-b94f-7496640c696a",
  "label": "README.md",
  "content": "# And So It Goes\n## By Billy Joel\n## A lament of love, pain and acceptance\n\nAn outside song.  [Original music video](https://www.youtube.com/watch?v=FHO6a2H-pqY),  [Lyrics](https://genius.com/Billy-joel-and-so-it-goes-lyrics)",
  "audioUrl": null,
  "previousVersionId": null,
  "nextVersionId": null,
  "originalVersionId": null,
  "renderedContent": null,
  "bpm": null,
  "transpose": null,
  "archived": false,
  "createdBy": "secularsolstice-import",
  "createdAt": "2025-03-23T17:03:58.000Z",
  "dbCreatedAt": "2025-12-22T09:49:25.821Z",
  "slidesMovieUrl": null,
  "slideMovieStart": null,
  "slideCredits": null,
  "programCredits": null,
  "blobUrl": null
}