{
  "id": "4b9c5f11-d586-49b9-a2fd-3c023d45cf91",
  "songId": "bc25ba17-af74-4417-99a5-8fc540076e8f",
  "label": "chord-sheet.ugc",
  "content": "----------\nBold Orion\n----------\n\nEm                                          D \nWhen the days are gettin' shorter, and the nights are growin' long,\n         C                 D             Em\nAnd the north wind puts a tear into your eye,\n                                             D \nIf you're out about 'round midnight and you look off to the east,\n           C             D           Em\nThere you may see bold Orion on the rise.\n          G                             Em\nYou may know him by his stance or the starry shield he holds,\n       G                            Em\nAs he rises silent in a clear cold sky.\n             D                                  Em\nYoung Jack Frost and Old Man Winter, they both beckon to the call\n          D            C           Em\nOf their master bold Orion on the rise.\n\n               C            Em            D                Em\nCHORUS: Bold Orion, mighty hunter, rising in a clear cold sky,\n         C             Em              D C           Em\nSee the summer fall before him. Bold Orion's on the rise.\n\nFor seven starry ages, he has ruled the winter skies\nWith the fires of lost eons in his eyes.\nHe has seen the rise and fall of kings and continents and all,\nRising silent, bold Orion on the rise.\nWhen he ascends, no hesitation; when he moves, no turnin' round,\nLike a soul been called to glory, earthly born but heavenly bound.\nNow the bird is on the wing, and it's southward that she flies,\nHastened on by bold Orion on the rise. CHORUS\n\nOrion had a lover. She's the goddess of the hunt,\nAnd of the forest and the golden moon.\nArtemis they called her, the fair sister of the sun,\nBut their time together ended all too soon.\nApollo took his vengeance on the man his sister loved.\nAn arrow sped him to a painful death;\nBut once a month she visits him, a moon among the stars,\nLooking down with whispered love upon her breath. CHORUS\n\nSummer comes on all too slowly, and it passes far too fast,\nAnd you wonder, is there nothin' that can last?\nHere today and gone tomorrow as the green leaves turn to red,\nAs the present quickly turns into the past.\nCut the wood and stack it high now. Stoke the fires in your home.\nBurnin' nightly send the smoke up to the sky.\nKeep the winter at your door and keep the summer in your heart.\nDrink a toast to bold Orion on the rise. CHORUS 2X",
  "audioUrl": null,
  "previousVersionId": null,
  "nextVersionId": null,
  "originalVersionId": null,
  "renderedContent": null,
  "bpm": null,
  "transpose": null,
  "archived": false,
  "createdBy": "secularsolstice-import",
  "createdAt": "2025-03-23T17:03:58.000Z",
  "dbCreatedAt": "2025-12-22T09:49:25.821Z",
  "slidesMovieUrl": null,
  "slideMovieStart": null,
  "slideCredits": null,
  "programCredits": null,
  "blobUrl": null
}