{
  "id": "d8b40919-d769-4ce2-bae9-286c80bc8427",
  "songId": "a8d72324-cd9e-4d9f-b603-2675180bd11c",
  "label": "lyrics.txt",
  "content": "A thousand stars erect a shrine\nof wordless worlds embracing night.\nA candle blooms and spreads its shine\nand fills our hearts with such delight.\n\nWithin its silence we rejoice,\nenraptured by this blissful light,\nas if this shrine could have a voice\nthat rings throughout this solstice night.\n\nFrom now the darkness falls away\nfor we have lit this light of ours.\nInto next years it shows our way\non through these silent, starlit hours.",
  "audioUrl": null,
  "previousVersionId": "4f8d3c66-ba5a-4d36-bd0c-f3a953a51f50",
  "nextVersionId": "58f62c9f-f6d3-4113-9983-57c646b46e22",
  "originalVersionId": "9ec3e9fb-15d3-4098-b0cd-aad352684e50",
  "renderedContent": null,
  "bpm": null,
  "transpose": null,
  "archived": false,
  "createdBy": "secularsolstice-import",
  "createdAt": "2025-03-23T17:03:58.000Z",
  "dbCreatedAt": "2025-12-22T09:49:25.821Z",
  "slidesMovieUrl": null,
  "slideMovieStart": null,
  "slideCredits": null,
  "programCredits": null,
  "blobUrl": null
}