{
  "id": "b468c533-35a3-46a8-9198-8a6d907bdd70",
  "songId": "9b52eaef-d5be-47d6-b7fd-858ed132ba1b",
  "label": "README.md",
  "content": "#  Blackbird\n## By The Beatles\n## Encouragement to those who have been caged or wing-clipped\n\n[Audio recording here](https://www.youtube.com/watch?v=Man4Xw8Xypo)",
  "audioUrl": null,
  "previousVersionId": null,
  "nextVersionId": null,
  "originalVersionId": null,
  "renderedContent": null,
  "bpm": null,
  "transpose": null,
  "archived": false,
  "createdBy": "secularsolstice-import",
  "createdAt": "2025-03-23T17:03:58.000Z",
  "dbCreatedAt": "2025-12-22T09:49:25.821Z",
  "slidesMovieUrl": null,
  "slideMovieStart": null,
  "slideCredits": null,
  "programCredits": null,
  "blobUrl": null
}