{
  "id": "ab316b8d-fa73-43c5-b3d5-e9fd753c065d",
  "songId": "b5f2b371-da8e-48c9-93ba-42d61de7a004",
  "label": "Makefile",
  "content": "PREFIX=Beneath_Midwinter_Midnight-\nFILES_TO_LIST=lyrics.txt sheet-music.pdf from-midi.mp3\n\ngen/${PREFIX}lyrics.txt: lyrics.txt\n\tcp lyrics.txt gen/${PREFIX}lyrics.txt\n\ninclude ../Makefile.common",
  "audioUrl": null,
  "previousVersionId": null,
  "nextVersionId": null,
  "originalVersionId": null,
  "renderedContent": null,
  "bpm": null,
  "transpose": null,
  "archived": false,
  "createdBy": "secularsolstice-import",
  "createdAt": "2025-03-23T17:03:58.000Z",
  "dbCreatedAt": "2025-12-22T09:49:25.821Z",
  "slidesMovieUrl": null,
  "slideMovieStart": null,
  "slideCredits": null,
  "programCredits": null,
  "blobUrl": null
}