{
  "id": "835d7d7e-1b7c-485e-9a8a-4f435dc487dc",
  "songId": "70f7be23-d981-4989-a183-ba08ed0cb302",
  "label": "lyrics.txt",
  "content": "Mine eyes have seen the glory of the works of humankind\nWe have lifted up whole countries through the labors of the mind\nFaiths and empires rise and crumble, in the end we always find\nThe truth is marching on!\n\nGlory, glory hallelujah! Glory, glory hallelujah!\nGlory, glory hallelujah!\nThe truth is marching on!\n\nThey murdered Archimedes with his circles still undone\nHow much loftier now the circles where his children's children run\nThey arrested Galileo, but they couldn't arrest the Sun\nThe truth is marching on!\n\nGlory, glory hallelujah! Glory, glory hallelujah!\nGlory, glory hallelujah!\nThe truth is marching on!\n\nThey tore down Alexandria, of libraries the first\nAnd the Mongol hordes razed Baghdad, and its learning was dispersed\nBut now there’s Wikipedia, so Genghis, do your worst!\nThe truth keeps marching on!\n\nGlory, glory hallelujah! Glory, glory hallelujah!\nGlory, glory hallelujah!\nThe truth is marching on!\n\nSo despite the many setbacks we encounter on our way\nWe still believe tomorrow can be brighter than today\nThe quest is not forgotten, we continue, come what may\nAs truth goes marching on!\n",
  "audioUrl": null,
  "previousVersionId": null,
  "nextVersionId": null,
  "originalVersionId": null,
  "renderedContent": null,
  "bpm": null,
  "transpose": null,
  "archived": false,
  "createdBy": "secularsolstice-import",
  "createdAt": "2025-03-23T17:03:58.000Z",
  "dbCreatedAt": "2025-12-22T09:49:25.821Z",
  "slidesMovieUrl": null,
  "slideMovieStart": null,
  "slideCredits": null,
  "programCredits": null,
  "blobUrl": null
}