{
  "id": "a87922bd-004f-4ef8-a7ca-280423621095",
  "songId": "a6e1f99b-b091-46a7-baf1-9b137515b52f",
  "label": "2025-bay.cho",
  "content": "[we're doing in C]\n\nF#m F#m Bm Bm\n...\nF# F# E Bm\n...\n[This song isn't a prediction that could turn out to be wrong]\n[It's history and mythology about the past]\n[It's a stance towards the future] \n\nBm Bm G Em\n...\n[And there might come a point of no return, where that stance doesn't make sense any more.]\n[But today is not that day]\n\nD D A Bm\n...\n[In the end, I only had to change a words, to feel right singing this until almost the very end.]\n\nD\n_Countless winter nights ago\nA\nA _woman shivered in the cold\nBm\n_Cursed the skies and wondered why\nG\nThe _gods invented pain\n\nD\n_Aching, angry flesh and bone\nA\n_Bitterly she struck the stone\nBm\n_'Til she saw the sudden spark\nG\nOf _light and golden flame\n\nBm\nShe _showed the others but they told her\nG\n_She was not fit to control\nD\nThe _primal forces that the gods\nA\nEncloaked in mystery\n\nBm\nBut _she would not be satisfied\nG\nAnd _though she trembled, she defied them\nD\n_Took her torch and raised it high\nA\n_Set afire history\n\nA.. G. D.\n_Ohhh _ohh_ohhh\n\n\nG\n_Tomorrow can be brighter than\nBm\n_Today although the night is cold\nD A\nThe _stars may seem so very far _away\n\nG\nBut _courage, hope, and reason burn\nBm\nIn _every mind, each lesson learned\nD\n_Shining light to guide our way\nA.. F#m..\n_Make tomorrow _brighter than today\n\nBm.. G.. Bm\n(_Oh _ohhhohohhhh _ohhh)\nA5 D\n(_oh) Brighter Than to_day\n\n\n\nBm\n_Ages long forgotten now\nG\nWe _built the wheel and then the plow\nD\n_Tilled the earth and proved our worth\nA\n_Against the drought and snow\n\nBm\n_Soon we had the time to fathom\nG\n_Mountain peaks and tiny atoms\nD\n_Beating hearts, electric sparks\nA\n_So much more to know\n\n\n\nG\n_Tomorrow can be brighter than\nBm\n_Today although the night is cold\nD A\nThe _stars may seem so very far _away\n(Stars may seem so very far away)\nG\nBut _courage, hope, and reason grow\nBm\nWith _every passing season so\nD\nWe'll _drive the darkness far away\nA.. F#m..\n_Make tomorrow _brighter than today\n\nNC.. Bm..\n(_pause) (_Ohohh)\nG.. Bm.. A.. Bm.. \n(_Ohh _ohhhohohhhh _ohhh _Ohh)\nA5 D\n(_oh) _Brighter than to_day\n\n\nBm\nThe universe may seem unfair\nG\nThe laws of nature may not care\nD\nStorms and quakes, our own mistakes\nA\nThey nearly doused our flame\n\nBm\nBut all these trials we've endured\nG\nThe lessons learned, diseases cured\nD\nAgainst our Herculean task\nA\nWe've risen to proclaim\n\n\n\n\nG\n_Tomorrow can be brighter than\nBm\n_Today although the night is cold\nD\n(breath) _stars may seem so very far\nA\n_away but futures can unfold\nG\nWhere _courage, hope, and reason bloom\nBm\n_Across the world and one day we could\nD\n_Rise up to the stars and say\nA.. F#m..\n_Make tomorrow _brighter than today\n\nNC.. Bm..\n(_pause) (_Ohohh)\nG.. Bm.. G.. Bm..\n(_Oh _ohhh _oohhhh, _ohhohhh)\nG.. Bm.. G.. Bm..\n(_Oh _ohhh _oohhhh, _ohhohhh)\nG.. Bm.. D5\n(_Oh _ohhh _oohhhh _ohhhhh)\nA D\n(_Oh) Brighter than _today\n",
  "audioUrl": "https://suno.com/song/bebf6220-74d4-4763-bda3-0d52335d385b",
  "previousVersionId": null,
  "nextVersionId": null,
  "originalVersionId": null,
  "renderedContent": null,
  "bpm": 80,
  "transpose": -2,
  "archived": false,
  "createdBy": "Raymond",
  "createdAt": "2025-12-04T20:59:27.438Z",
  "dbCreatedAt": "2025-12-22T09:49:25.821Z",
  "slidesMovieUrl": null,
  "slideMovieStart": null,
  "slideCredits": null,
  "programCredits": null,
  "blobUrl": null
}