{
  "id": "54558f76-975a-414e-a058-8a50b4d179fd",
  "songId": "7f2be689-0df2-4edf-9098-9a4c5201c36a",
  "label": "alreadySo.cho",
  "content": "C\nWhat is _true... ...\nG\nis already _so.  ...\nAm\nA part of me _already knew.\nF\nA part of me _can’t let it go.\n\nC\nAnd what’s _true... ...\nAm\nis what’s there to be _lived. ...\nF\nWhat’s _true is what’s real, you can touch it and feel.\nAm.. F..\nIt’s _what’s there to be inter_acted with.\nC.. Am..\nI can _bear... what is _true...\n\nF\n...\n\nC\n'Cuz I’m already _bearing it.\n\nC\n...\n\n[Verse 2]\nC\nWhat is _true...   (What is true...)\nG\n...is already _so. (is already so...)\nAm\nA part of you _already knew. (already knew)\nF\nA part of you _can’t let it go. (can’t let it go)\n\nC\nAnd what’s _true... \t(and what’s true)\nAm\n...is what’s there to be _lived... (what’s there to be lived)\nG\nA _part of you knows what to do\nAm.. F..\nit’s _waiting for you at the _precipice.\nC.. Am..\nYou can _bear... what is _true...\nF\n...\nC\n...Cuz you’re already _bearing it.\nC\nYou’re already bearing it. \n\n[improvize harmonies]\nC\nohhhhhh\nG\nohhhhhh\nAm\nohh oohhhhh\nF\nohhhhhh oh ohhhhh\n\n[improvize harmonies]\nC\nohhhhhh\nG\nohhhhhh\nAm\nohh oohhhhh\nF\nohhhhhh oh ohhhhh\n\n…\n\nC\nWhat is _true... ...\nG\nis already _so.  ...\nAm\nA part of me _already knew.\nF\nA part of me _can’t let it go.\n\nC\nAnd what’s _true... ...\nAm\nis what’s there to be _lived. ...\nF\nAnd I _finally let go, finding ground right below\nAm.. F..\nDidn't _get any worse owning _up to it\n\nC.. Am..\nWe can _bear...  what is _true...\nF\n...\nC\nWe’re already _bearing it.\nWe’re already bearing it.\n",
  "audioUrl": null,
  "previousVersionId": "bd1edbdf-77fd-4763-9de0-459bcd4c7ea3",
  "nextVersionId": "4d045ce4-6399-4ea4-ab09-dc1c4a645a7d",
  "originalVersionId": "049ea530-6e71-4980-ab85-7020d9070fa9",
  "renderedContent": null,
  "bpm": 100,
  "transpose": 0,
  "archived": false,
  "createdBy": null,
  "createdAt": "2025-11-28T19:00:11.533Z",
  "dbCreatedAt": "2025-12-22T09:49:25.821Z",
  "slidesMovieUrl": null,
  "slideMovieStart": null,
  "slideCredits": null,
  "programCredits": null,
  "blobUrl": null
}