{
  "id": "9e549694-2991-40ba-88a8-a224f7abd9f7",
  "songId": "7f2be689-0df2-4edf-9098-9a4c5201c36a",
  "label": "alreadySo.cho",
  "content": "C\nWhat is _true...\nG\nis already _so...\nAm\nA part of me _already knew.\nF\nA part of me _can’t let it go.\n\nC\nAnd what’s _true...\nAm\nis what’s there to be _lived...\nF\nWhat’s _true is what’s real, you can touch it and feel.\nAm.. F..\nIt’s _what’s there to be inter_acted with.\nC.. Am..\nI can _bear... what is _true...\nF\n...\nC\n'Cuz I’m already _bearing it.\nC\n...\n\n[Verse 2]\nC\nWhat is _true...   (What is true)\nG\nis already _so. (is already so)\nAm\nA part of you _already knew. (already knew)\nF\nA part of you _can’t let it go. (can’t let it go)\n\nC\nAnd what’s _true... \t(and what’s true)\nAm\nis what’s there to be _lived. (what’s there to be lived)\nF\nA _part of you already knows what to do\nAm.. F..\nand it’s _waiting for you at the _precipice.\nC.. Am..\nYou can _bear... what is _true...\nF\n...\nC\nCuz you’re already _bearing it.\nC\nYou’re already bearing it. \n\n[[improvize harmonies]]\nC\nohhhhhh\nG\nohhhhhh\nAm\nohh oohhhhh\nF\nohhhhhh oh ohhhhh\n\nC\nohhhhhh\nG\nohhhhhh\nAm\nohh oohhhhh\nF\nohhhhhh oh ohhhhh\n\nC\nWhat is _true...\nG\nis already _so...\nAm\nA part of me _already knew.\nF\nA part of me _can’t let it go.\n\nC\nAnd what’s _true...\nAm\nis what’s there to be _lived...\nF\nAnd I _finally let go, finding ground right below,\nAm.. F..\ndidn't _get any worse owning _up to it.\n\nC.. Am..\nWe can _bear...  what is _true...\nF\n...\nC\nWe’re already _bearing it.\nWe’re already bearing it.\n",
  "audioUrl": null,
  "previousVersionId": "51396e36-dd55-41c6-a8ac-b82f6952565d",
  "nextVersionId": null,
  "originalVersionId": "049ea530-6e71-4980-ab85-7020d9070fa9",
  "renderedContent": null,
  "bpm": 100,
  "transpose": 0,
  "archived": false,
  "createdBy": "Raymond",
  "createdAt": "2025-12-06T20:22:38.489Z",
  "dbCreatedAt": "2025-12-22T09:49:25.821Z",
  "slidesMovieUrl": null,
  "slideMovieStart": null,
  "slideCredits": null,
  "programCredits": "By Eugene Gendlin and Raymond Arnold. Sung by Taylor Smith.",
  "blobUrl": null
}