{
  "id": "ada43d42-360b-44e0-8350-ba482c59c067",
  "songId": "fee12104-7134-4e2a-8e20-86fcc8d72f88",
  "label": "bitterLullaby.cho",
  "content": "A5 G5.. D.. \n_Little one, little one, _bitter wind _blown\nA5 G5.. A5..\n_Little one, little one, _bitter wind _blown \nA5 G5.. D..\n_Little one, little one, _bitter wind _blown \nA5 G5.. A5..\n_Little one, little one, _bitter wind _blown \n\nA5\n...\n\nA5 C5.. D5..\n_Sun barely rising a_bove the ho_rizon\nA5 G5.. D.. \n_Little one, little one, _bitter wind _blown\nA5 C5.. D5..\n_Flowers are withering, _naked bark _brittle oh,\nA5 G5.. A5.. \n_Little one, little one, _bitter wind _blown\n\nA5 C5.. D5..\n_Don't understand why the _light would abandon us,\nA5 G5.. D.. \n_Little one, little one, _bitter wind _blown\nA5 C5.. D5..\nAnd _I don't know how much more _he may de_mand of us\nA5 G5.. A5.. \n_Little one, little one, _bitter wind _blown\n\nDm C\n_Sun, sailing a_way\nC G\nI don't know _where... I don’t know _why…\nDm C\n_Sky, darkening _grey,\nC G\nWishing there _weren’t so many good_byes...\n\nC G Am\n_Little one, _little one _why...\nG Am \n_Little one _why...\n\nAm Am Am\n...\n\nA5 C5.. D5..\n_Asking me questions I _don't have the _answers to\nA5 G5.. D5..\n_Little one, little one, _bitter wind _blown\nA5 C5.. D5..\n_Watching you shiver, and _I don't know _what to do\nA5 G5.. A5..\n_Little one, little one, _bitter wind _blown\n\nA5 C5.. D5..\n_Maybe if we did the _dance, said the _words just right\nA5 G5.. D5..\n_Little one, little one, _bitter wind _blown\nA5 C5.. D5..\n_Maybe he’d come back, may_be things would be all right\nA5 G5.. A5..\n_Little one, little one, _bitter wind _blown\n\nDm C\n_Sun, sailing a_way\nC G\nI don't know _where... I don’t know _why…\nDm C\n_Sky, darkening _grey,\nC G\nWishing there _weren’t so many good_byes...\n\nC G Am\n_Little one, _little one _why...\nG Am \n_Little one _why...\n\n[slow down]\nG Am \n_Little one _why...\n",
  "audioUrl": null,
  "previousVersionId": null,
  "nextVersionId": null,
  "originalVersionId": null,
  "renderedContent": null,
  "bpm": 100,
  "transpose": 0,
  "archived": false,
  "createdBy": "Raymond",
  "createdAt": "2025-11-29T00:16:37.631Z",
  "dbCreatedAt": "2025-12-22T09:49:25.821Z",
  "slidesMovieUrl": null,
  "slideMovieStart": null,
  "slideCredits": null,
  "programCredits": null,
  "blobUrl": null
}