{
  "id": "f7d6dcbc-b101-4c48-8e58-0bac7d6bd298",
  "songId": "70f7be23-d981-4989-a183-ba08ed0cb302",
  "label": "README.md",
  "content": "# Battle Hymn Of The Rationalist Community\n## By Scott Alexandar (Lyrics)\n## A triumphant celebration of truth and humanity\n\nTo the tune of [The Battle Hymn of the Republic](https://www.youtube.com/watch?v=Jy6AOGRsR80).\n\nPieces of this first appeared as [The Battle Hymn of the Republic of Letters](https://www.youtube.com/watch?v=2y-H2Ne_Djo) as part of the [Fermat's Last Stand Dungeons and Discourses campaign](https://slatestarcodex.com/2013/08/17/fermats-last-stand-soundtrack-and-adventure-log/).",
  "audioUrl": null,
  "previousVersionId": null,
  "nextVersionId": null,
  "originalVersionId": null,
  "renderedContent": null,
  "bpm": null,
  "transpose": null,
  "archived": false,
  "createdBy": "secularsolstice-import",
  "createdAt": "2025-03-23T17:03:58.000Z",
  "dbCreatedAt": "2025-12-22T09:49:25.821Z",
  "slidesMovieUrl": null,
  "slideMovieStart": null,
  "slideCredits": null,
  "programCredits": null,
  "blobUrl": null
}