{
  "id": "f664ba52-5524-4713-9e33-617251930755",
  "songId": "9b52eaef-d5be-47d6-b7fd-858ed132ba1b",
  "label": "Makefile",
  "content": "PREFIX=Blackbird-\nFILES_TO_LIST=\n\ninclude ../Makefile.common",
  "audioUrl": null,
  "previousVersionId": null,
  "nextVersionId": null,
  "originalVersionId": null,
  "renderedContent": null,
  "bpm": null,
  "transpose": null,
  "archived": false,
  "createdBy": "secularsolstice-import",
  "createdAt": "2025-03-23T17:03:58.000Z",
  "dbCreatedAt": "2025-12-22T09:49:25.821Z",
  "slidesMovieUrl": null,
  "slideMovieStart": null,
  "slideCredits": null,
  "programCredits": null,
  "blobUrl": null
}