{
  "id": "7797a20e-afdc-443e-ac6d-39e5bbb2ba9b",
  "songId": "71e34f7a-1649-4f30-b94f-7496640c696a",
  "label": "README.md",
  "content": "# And So It Goes\nBy Billy Joel\nA lament of love, pain and acceptance\n\nAn outside song.  [Original music video](https://www.youtube.com/watch?v=FHO6a2H-pqY),  [Lyrics](https://genius.com/Billy-joel-and-so-it-goes-lyrics)",
  "audioUrl": null,
  "previousVersionId": null,
  "nextVersionId": null,
  "originalVersionId": null,
  "renderedContent": null,
  "bpm": null,
  "transpose": 0,
  "archived": false,
  "createdBy": null,
  "createdAt": "2025-11-25T09:52:06.389Z",
  "dbCreatedAt": "2025-12-22T09:49:25.821Z",
  "slidesMovieUrl": null,
  "slideMovieStart": null,
  "slideCredits": null,
  "programCredits": null,
  "blobUrl": null
}