{
  "id": "e505cd77-5db1-4803-95f2-8a5c1bb39720",
  "songId": "a141f954-1497-49fa-83b3-51599dbc4855",
  "label": "chord-sheet.ugc",
  "content": "-----------------------\nBallad of Smallpox Gone\n-----------------------\n\nAm         sG            Am Am\nOld king plague is dead\n     C        G              E E\nThe smallpox plague is dead\nAm       C        G     E\nNo more children dying hard\nAm        C      G       E\nNo more victims living scarred\n          Am           G       E\nWith the marks of the devil's kiss\n     Am       C    G       E              Am       G      Am\nWe still may die of other things, but we will not die of this\n\nRaise your glasses high\nFor all who will not die\nTo all the doctors, nurses too\nAnd all the lab technicians who\nDrove it into the ground\nIf the whole UN does nothing else, it cut this terror down\n\nNow scarce the headlines said\nThe ancient plague was dead\nThen they spoke of curses new\nAIDS and SARS, Ebola too\nAnd COVID rages on...\nTen new plagues may take its place but at least this one is gone\n\nOld king plague is dead\nThe smallpox plague is dead\nNo more children dying hard\nNo more victims living scarred\nWith the marks of the devils kiss\nWe still may die of other things, but we will not die of this\nOh no!\nWe still may die of other things, but we will not die of this!\n\n",
  "audioUrl": null,
  "previousVersionId": null,
  "nextVersionId": null,
  "originalVersionId": null,
  "renderedContent": null,
  "bpm": null,
  "transpose": 0,
  "archived": false,
  "createdBy": null,
  "createdAt": "2025-11-23T22:23:34.700Z",
  "dbCreatedAt": "2025-12-22T09:49:25.821Z",
  "slidesMovieUrl": null,
  "slideMovieStart": null,
  "slideCredits": null,
  "programCredits": null,
  "blobUrl": null
}