{
  "id": "4b0517f6-d3a4-4ddf-aa58-277097d1b760",
  "songId": "9b52eaef-d5be-47d6-b7fd-858ed132ba1b",
  "label": "README.md",
  "content": "#  Blackbird\n## By The Beatles\n## Encouragement to those who have been caged or wing-clipped\n\n[Audio recording here](https://www.youtube.com/watch?v=Man4Xw8Xypo)",
  "audioUrl": null,
  "previousVersionId": null,
  "nextVersionId": null,
  "originalVersionId": null,
  "renderedContent": null,
  "bpm": null,
  "transpose": 0,
  "archived": false,
  "createdBy": null,
  "createdAt": "2025-11-23T22:23:37.233Z",
  "dbCreatedAt": "2025-12-22T09:49:25.821Z",
  "slidesMovieUrl": null,
  "slideMovieStart": null,
  "slideCredits": null,
  "programCredits": null,
  "blobUrl": null
}