{
  "id": "1f45455e-2cb0-40c3-9de0-9baa34802af0",
  "songId": "c830479b-c0ef-435a-a3dc-91423348dee8",
  "label": "A Bottomless Pit.md",
  "content": "# A Bottomless Pit of Suffering\n## By Raymond Arnold\n\n2016 was a very challenging year. For a lot of complex reasons, that I still don't have a very good handle on. But right now I want to talk about something very concrete.\n\nIn a couple hours, you will go home, and you'll walk past a person. Lying on the sidewalk, wrapped in whatever blankets they can find. Alone. They won't ask you for money, because they're past that point. They're just trying to make it through the night.\n\nYou might not see them, because human brains train themselves to ignore things that seem unimportant, or uncomfortable, or beyond the scope of things you can do something about.\n\nIf you do see them... maybe you'll stop and try to help somehow. Maybe you'll just meet their eyes as warmly as you can. Maybe you just keep walking.\n\nWhichever choice you make, by the time you get home, you'll have walked past at least one more person in the exact same situation.\n\nAnd the thought might occur to you - that it's 2016. And we haven't even beaten winter in it's most basic, elemental form. It might seem like there's a bottomless pit of unfairness, filled with desperate people and broken systems and that no matter how long you work, how hard you try, that pit will always be there.\n\nAnd you might even be right. Because there is no long moral arc of the universe bending towards justice. There are just people. Doing the best they can. And sometimes their best isn't good enough.\n\nThis is the secular solstice, and we don't deal in comforting lies. But we do have story to share.\n\nThe story isn't quite as clean or convenient as I'd like.\n\nBut it's true.",
  "audioUrl": null,
  "previousVersionId": null,
  "nextVersionId": null,
  "originalVersionId": "1f45455e-2cb0-40c3-9de0-9baa34802af0",
  "renderedContent": null,
  "bpm": null,
  "transpose": null,
  "archived": false,
  "createdBy": "secularsolstice-import",
  "createdAt": "2025-03-23T17:03:58.000Z",
  "dbCreatedAt": "2025-12-22T09:49:25.821Z",
  "slidesMovieUrl": null,
  "slideMovieStart": null,
  "slideCredits": null,
  "programCredits": null,
  "blobUrl": null
}