{
  "id": "0de9064b-3434-4035-a54f-2294e7230079",
  "songId": "fee12104-7134-4e2a-8e20-86fcc8d72f88",
  "label": "README.md",
  "content": "#  Bitter Wind Blown\n\n## By Raymond Arnold\n## A lullaby for a child that is shivering in the cold\n\nThis song takes on the \"winter\" concept most directly: the cold and\ndarkness and *danger* for the unprepared.\n\nIn some places, it is referred to as \"Bitter Wind Lullaby\" to distinguish it\nfrom the later [Bitter Wind March](../../Bitter_Wind_March/gen/)\n\nThis song is available for sale via bandcamp in [all three albums](https://humanistculture.bandcamp.com/).\n\n[A recording of this from the 2020 North American Distributed Chorus](https://www.jefftk.com/solstice-2020/01-bitter-wind-blown--2020-12-20-011646.mp3) is available.\n\nA [Bayesian Choir Performance](https://www.youtube.com/watch?v=VNIaA5WJaHE) of this song was on Youtube, and still probably exists somewhere.\n",
  "audioUrl": null,
  "previousVersionId": null,
  "nextVersionId": null,
  "originalVersionId": null,
  "renderedContent": null,
  "bpm": null,
  "transpose": 0,
  "archived": false,
  "createdBy": null,
  "createdAt": "2025-11-23T22:23:36.702Z",
  "dbCreatedAt": "2025-12-22T09:49:25.821Z",
  "slidesMovieUrl": null,
  "slideMovieStart": null,
  "slideCredits": null,
  "programCredits": null,
  "blobUrl": null
}