{
  "id": "049ea530-6e71-4980-ab85-7020d9070fa9",
  "songId": "7f2be689-0df2-4edf-9098-9a4c5201c36a",
  "label": "alreadySo.cho",
  "content": "What is true...   ...\n...is already so. ...\n\nA part of me already knew.\nA part of me can’t let it go.\n\nAnd what’s true…\n...is what’s there to be lived.\nWhat’s true is what’s real. \nYou can touch it and feel.\nIt’s what’s there to be interacted with.\n\nI can bear... what is true...\n...\nI’m already bearing it.\n\n…\n\n[Verse 2]\nWhat is true...   (What is true...)\n...is already so. (is already so...)\n\nA part of you already knew.\n\t\t\t  (already knew)\nA part of you can’t let it go.\n\t\t\t\t (can’t let it go)\n\nAnd what’s true... \t(and what’s true)\n...is what’s there to be lived... (what’s there to be lived)\nA part of you knows what to do\nand already thought through,\nit’s waiting for you at the precipice.\n\nYou can bear... what is true...\n...\n...Cuz you’re already bearing it.\nYou’re already bearing it.\n\n… \n\n<improves harmonies>\nohhhhhh\nohhhhhh\nohh oohhhhh\nohhhhhh oh ohhhhh\n\n…\n\nWhat is true... (What is true...)\n...is already so. (is already so...)\n\nSome part of me already knew.\n                        (already knew)\nSome part of me can’t let it go.\n                          (still can’t let go)\n\nAnd what’s true... \t(and what’s true)\n...is what’s there to be lived...\nNothing else left to fear\nonce you see it all clear,\nwon’t be any worse owning up to it\n\nWe can bear...  what is true...\n...\nWe’re already bearing it.\nWe’re already bearing it.\n\nWe can bear...  what is true...\n...\nWe’re already bearing it.\n",
  "audioUrl": null,
  "previousVersionId": null,
  "nextVersionId": "1e043ff0-6796-4595-855c-722fddff3686",
  "originalVersionId": "049ea530-6e71-4980-ab85-7020d9070fa9",
  "renderedContent": null,
  "bpm": 100,
  "transpose": 0,
  "archived": false,
  "createdBy": null,
  "createdAt": "2025-11-28T17:12:14.587Z",
  "dbCreatedAt": "2025-12-22T09:49:25.821Z",
  "slidesMovieUrl": null,
  "slideMovieStart": null,
  "slideCredits": null,
  "programCredits": null,
  "blobUrl": null
}