{
  "id": "e3bb3d54-281f-4222-90d1-445a29636928",
  "songId": "b8ac6608-6ebd-4a0f-a6ca-4c13ff115810",
  "label": "Autumn.md",
  "content": "# Autumn\n## by John Keats\n\n*[May be accompanied by [Vivaldi's instrumental music](https://www.youtube.com/watch?v=QFASfCp1LLY)]*\n\nSeason of mists and mellow fruitfulness,\n   Close bosom-friend of the maturing sun;\nConspiring with him how to load and bless\n   With fruit the vines that round the thatch-eves run;\nTo bend with apples the moss'd cottage-trees,\n   And fill all fruit with ripeness to the core;\n      To swell the gourd, and plump the hazel shells\n   With a sweet kernel; to set budding more,\nAnd still more, later flowers for the bees,\nUntil they think warm days will never cease,\n      For summer has o'er-brimm'd their clammy cells.\n\nWho hath not seen thee oft amid thy store?\n   Sometimes whoever seeks abroad may find\nThee sitting careless on a granary floor,\n   Thy hair soft-lifted by the winnowing wind;\nOr on a half-reap'd furrow sound asleep,\n   Drows'd with the fume of poppies, while thy hook\n      Spares the next swath and all its twined flowers:\nAnd sometimes like a gleaner thou dost keep\n   Steady thy laden head across a brook;\n   Or by a cyder-press, with patient look,\n      Thou watchest the last oozings hours by hours.\n\nWhere are the songs of spring? Ay, Where are they?\n   Think not of them, thou hast thy music too,—\nWhile barred clouds bloom the soft-dying day,\n   And touch the stubble-plains with rosy hue;\nThen in a wailful choir the small gnats mourn\n   Among the river sallows, borne aloft\n      Or sinking as the light wind lives or dies;\nAnd full-grown lambs loud bleat from hilly bourn;\n   Hedge-crickets sing; and now with treble soft\n   The red-breast whistles from a garden-croft;\n      And gathering swallows twitter in the skies.",
  "audioUrl": null,
  "previousVersionId": null,
  "nextVersionId": null,
  "originalVersionId": null,
  "renderedContent": null,
  "bpm": null,
  "transpose": null,
  "archived": false,
  "createdBy": "secularsolstice-import",
  "createdAt": "2025-03-23T17:03:58.000Z",
  "dbCreatedAt": "2025-12-22T09:49:25.821Z",
  "slidesMovieUrl": null,
  "slideMovieStart": null,
  "slideCredits": null,
  "programCredits": null,
  "blobUrl": null
}