{
  "id": "6dd26be1-b1d8-42d3-a9b3-8581e7c792ae",
  "songId": "e75f4266-82bb-49ed-ad35-2eac5f9ec2d8",
  "label": "lyrics-chords.cho",
  "content": "Am.. D.. G.. Em..\nSome _things in life are _bad, they can _really make you _mad\nAm.. D.. G\n_Other things just _make you swear and _curse\n\nAm.. D.. G.. Em..\nWhen you're _chewing an life's _gristle, Don't _grumble give a _whistle\nAm D7\nAnd _this'll help things _turn out for the best\n\n\nG.. Em.. Am.. D7..\nAnd _always _look on the _bright _side of\nG.. Em.. Am.. D7..\n_life- Do-_do, do-_do do-do do-_do\nG.. Em.. Am.. D7..\n_Always _look on the _light _side of\nG.. Em.. Am.. D7..\n_life- Do-_do, do-_do do-do do-_do\n\n\nIf life seems jolly rotten there's something you've forgotten\nand that's to laugh and smile and dance and sing.\nWhen you've feeling in the dumps don't be silly chumps\nJust purse your lips and whistle -- that's the thing\n\n\nAnd always look on the bright side of life\nCome on always look on the bright side of life\n\n\nFor life is quite absurd and death's the final word\nyou must always face the curtain with a bow\nForget about your sin -- give the audience a grin\nEnjoy it -- it's your last chance anyhow.\n\n\nSo always look on the bright side of death\njust before you draw your terminal breath\n\n\nLife's a piece of spit when you look at it\nLife's a laugh and death's a joke it's true\nYou'll see it's all a show -- keep'em laughing as you go\njust remember that the last laugh is on you\n\n\nAnd always look on the bright side of life\nAlways look on the right side of life\nA F# Bm E7 A F# Bm E7\nAnd always look on the bright side of life\nAlways look on the right side of life (retardando)",
  "audioUrl": null,
  "previousVersionId": null,
  "nextVersionId": null,
  "originalVersionId": null,
  "renderedContent": null,
  "bpm": null,
  "transpose": 0,
  "archived": false,
  "createdBy": null,
  "createdAt": "2025-11-27T21:04:48.987Z",
  "dbCreatedAt": "2025-12-22T09:49:25.821Z",
  "slidesMovieUrl": null,
  "slideMovieStart": null,
  "slideCredits": null,
  "programCredits": null,
  "blobUrl": null
}