{
  "id": "5156cbfb-f49a-4c0b-9ad5-0608509271ea",
  "songId": "70f7be23-d981-4989-a183-ba08ed0cb302",
  "label": "Makefile",
  "content": "PREFIX=Battle_Hymn_Of_The_Rationalist_Community-\nFILES_TO_LIST=lyrics.txt\n\ngen/${PREFIX}lyrics.txt: lyrics.txt\n\tcp lyrics.txt gen/${PREFIX}lyrics.txt\ninclude ../Makefile.common",
  "audioUrl": null,
  "previousVersionId": null,
  "nextVersionId": null,
  "originalVersionId": null,
  "renderedContent": null,
  "bpm": null,
  "transpose": null,
  "archived": false,
  "createdBy": "secularsolstice-import",
  "createdAt": "2025-03-23T17:03:58.000Z",
  "dbCreatedAt": "2025-12-22T09:49:25.821Z",
  "slidesMovieUrl": null,
  "slideMovieStart": null,
  "slideCredits": null,
  "programCredits": null,
  "blobUrl": null
}