{
  "id": "b677cf62-3158-40a1-9074-25045b9c5df7",
  "songId": "a394c47e-f843-4676-9a9f-84c28288d2c7",
  "label": "Makefile",
  "content": "PREFIX=Beyond_All_Towers-\nFILES_TO_LIST=lyrics.txt sheet-music.pdf from-midi.mp3 sheet-music-raise.pdf\n\ngen/${PREFIX}lyrics.txt: sheet-music.ly\n\t../../scripts/ly-to-lyrics.py sheet-music.ly gen/${PREFIX}lyrics.txt\n\ngen/${PREFIX}sheet-music-raise.pdf: sheet-music.ly\n\tlilypond -draise -o gen/${PREFIX}sheet-music-raise sheet-music.ly\n\trm gen/${PREFIX}sheet-music-raise.midi\n\n\ninclude ../Makefile.common",
  "audioUrl": null,
  "previousVersionId": null,
  "nextVersionId": null,
  "originalVersionId": null,
  "renderedContent": null,
  "bpm": null,
  "transpose": null,
  "archived": false,
  "createdBy": "secularsolstice-import",
  "createdAt": "2025-03-23T17:03:58.000Z",
  "dbCreatedAt": "2025-12-22T09:49:25.821Z",
  "slidesMovieUrl": null,
  "slideMovieStart": null,
  "slideCredits": null,
  "programCredits": null,
  "blobUrl": null
}