{
  "id": "980bd665-3cd3-4f02-8571-09ece67c19e9",
  "songId": "bc25ba17-af74-4417-99a5-8fc540076e8f",
  "label": "Makefile",
  "content": "PREFIX=Bold_Orion-\nFILES_TO_LIST=lyrics.txt chord-sheet.cho chord-sheet.pdf \n\ngen/${PREFIX}lyrics.txt: chord-sheet.ugc\n\t../../scripts/parse_ugc.py chord-sheet.ugc --lyrics > gen/${PREFIX}lyrics.txt\n\ninclude ../Makefile.common",
  "audioUrl": null,
  "previousVersionId": null,
  "nextVersionId": null,
  "originalVersionId": null,
  "renderedContent": null,
  "bpm": null,
  "transpose": null,
  "archived": false,
  "createdBy": "secularsolstice-import",
  "createdAt": "2025-03-23T17:03:58.000Z",
  "dbCreatedAt": "2025-12-22T09:49:25.821Z",
  "slidesMovieUrl": null,
  "slideMovieStart": null,
  "slideCredits": null,
  "programCredits": null,
  "blobUrl": null
}