{
  "id": "971ab864-d331-440b-b6fa-7d32fb0009c7",
  "songId": "13030274-6a27-47bf-960b-c65dd4ba920d",
  "label": "Breaking Your Hand Punching Moloch.md",
  "content": "# Breaking Your Hand Punching Moloch\n## By Taymon Beal or James Babcock (plus Allen Ginsberg)\n\n**What sphinx of cement and aluminum bashed open their skulls and ate up\ntheir brains and imagination?  Moloch! Solitude! Filth! Ugliness!\nAshcans and unobtainable dollars! Children screaming under the\nstairways! Boys sobbing in armies! Old men weeping in the parks!**\n\n**Moloch! Moloch! Nightmare of Moloch! Moloch the loveless! Mental\nMoloch! Moloch the heavy judger of men!**\n\n**Moloch the incomprehensible prison! Moloch the crossbone soulless\njailhouse and Congress of sorrows! Moloch whose buildings are\njudgment! Moloch the vast stone of war! Moloch the stunned\ngovernments!**\n\n**Moloch whose mind is pure machinery! Moloch whose blood is running\nmoney! Moloch whose fingers are ten armies! Moloch whose breast is a\ncannibal dynamo! Moloch whose ear is a smoking tomb!**\n\nOur world is controlled by Lovecraftian gods--not literals ones, but\nmetaphors, vast formless things beyond our control that shape our\nactions and incentives. Moloch is perhaps the best known of these: a\ngod not from Lovecraft, but from Canaanite mythology, demanding child\nsacrifice in return for victory, representing the destruction of human\nvalue by coordination problems.\n\nIn Hobbes’s state of nature, Moloch was omnipresent and omnipotent,\nmaking life solitary, poor, nasty, brutish, and short. Humanity\ncoordinated, instituted governments, pushed it back. Yet even in\nliberal democracies, Moloch persists as the bringer of civilizational\nfailure, of principal-agent problems and information asymmetries and\nPareto-inefficient Nash equilibria. It spews poison into the\natmosphere. It enacts laws that no one wants. It forces us to toil all\nthe days of our life, instead of living off the bounty of the\nearth. It makes nations build up nuclear arsenals instead of useful\ninfrastructure. It fills scientific journals with bogus results. It\nkills premature babies, the cheap nutritional formula that would save\nthem held up in the regulatory approval process.\n\nThe communists tried to kill Moloch. They instituted a collective\neconomic regime, where everyone would work for the common good instead\nof pouring their resources into zero-sum competitions. They also had\nan elegant solution for what to do about defectors: kill them. It\nseemed certain that they would drive the capitalists into the ground.\n\nIt didn’t work. Running a national economy is computationally\nintractable, so the decisions of what to produce, and how, and for\nwhom, still had to be delegated. And so the principal-agent problems\nand information asymmetries and Pareto-inefficient Nash equilibria\ncame back stronger than ever. By the time the Soviet Union fell, it\nhad become a cesspool of corruption and poverty, its economy devoted\nto producing goods no one wanted simply because that was what the\nunintelligently-designed local incentives said to do.\n\nCapitalism and democracy have done somewhat better, because local\nincentives in those systems are aligned with human values, at least to\na first approximation, in the short term. Indeed, turning “satisfying\ncustomers” and “satisfying citizens” into the outputs of optimization\nprocesses was one of civilization’s greatest advances and the reason\nwhy capitalist democracies have so outperformed other systems. But if\nwe have bound Moloch as our servant, the bonds are not very strong,\nand we sometimes find that the tasks he has done for us move to his\nadvantage rather than ours.\n\nSpeaking of which, in recent years, liberal democracy has been getting\nquite Lovecraftian, in that a racist xenophobe is causing all of us to\nworry about the apocalypse. As such, our next song is one that seems\nto have lost very little of its relevance from 1959.",
  "audioUrl": null,
  "previousVersionId": null,
  "nextVersionId": null,
  "originalVersionId": null,
  "renderedContent": null,
  "bpm": null,
  "transpose": null,
  "archived": false,
  "createdBy": "secularsolstice-import",
  "createdAt": "2025-03-23T17:03:58.000Z",
  "dbCreatedAt": "2025-12-22T09:49:25.821Z",
  "slidesMovieUrl": null,
  "slideMovieStart": null,
  "slideCredits": null,
  "programCredits": null,
  "blobUrl": null
}