{
  "id": "cc8bc170-cb81-4e06-a54c-f883e02df156",
  "songId": "347696de-4291-4522-8a51-84927ed8129c",
  "label": "chord-sheet.cho",
  "content": "{title: Bitter Wind March }\n\n{comment_box: Open fifth chords, very sparse, piano only}\n[A5]...[A5]...[A5]...[Am]...\n\n{comment: Verse 1A }\n[A5]Sun barely risin[C5]g a-bove[D5] the hor-izon \n[A5]Little one, little one, bitter wind blown Little one,[G5] little one,[D5] bitter wind blown \n[A5]Flowers are withering, naked bark brittle oh, Flowers are wit[C5]hering, naked[D5] bark brittle oh, \n[A5]Little one, little one, bitter wind blown Little one,[G5] little one,[A5] bitter wind blown \n\n\n{comment: Verse 1B }\n{comment_box: enter strings}\n[A5]Good folk[A5] are gonna[C5] die, sun-god ain[D5]'t shedding tears \n[A5]Little[A5] one, litt[G5]le one, bit[D5]ter wind blown \n[A5]I just sta[A5]re at the[C5] sky, digging the[D5] graves each year \n[A5]Little[A5] one, litt[G5]le one, bit[A5]ter wind blown \n\n{comment: Chorus }\n[Dm]Sun, [Dm]sailing a - [C]way [C]I don't know\n[C]Where... [C]I[G] don’t[G] know why… \n[Dm]Sky, [Dm]darkening [C]grey, [C]wishing there\n[C]weren’[C]t so [G] man-y goo[G]d - byes... \n[G]littl[G]e one,[Am] little[Am] one why... \n{comment_box: enter drums}\n[Am]l[Am]ittl[Am]e one[Am] why... \n\n{column_break}\n\n{comment: Modulation }\n[Cm]... \n[Cm/A]...[Bb]...[b]... \n[Cm]... \n[Cm/A]...[Bb]...[b]...\n\n{comment: Verse 2A }\n[Cm]Maybe if we looked a while and found a stone \n[Cm/Ab]Little one, little one, bitter wind blown \n[Cm]Dragged it a hun-der-ed miles and got it home \n[Cm/Ab]Little one, little one, bitter wind blown \n\n{comment: Verse 2B }\n[Cm]dig us a henge, raise[Eb/C] those blue[F/C]stones up high \n[Cm/Ab]Little one, littl[Bb/Ab]e one, bit[Ab]ter wind blown \n[Cm]two hundred years[Eb/C] we could[F/C] look at the sky \n[Cm/Ab]Little one, littl[Bb/Ab]e one, bit[Ab]ter wind blown \n\n{comment: Verse 2C }\n[Cm]children would know whe[Eb/C]n the winter[F/C] was coming, oh \n[Cm/Ab]Little one, littl[Bb]e one, bitt[Fm]er wind blown \n[Cm]Looking and laboring,[Eb/C] doing[F/C] what must be done \n[Cm/Ab]Little one, littl[Bb]e one, bitt[F]er wind blown \n\n{column_break}\n\n{comment: Chorus }\n[Fm]Sun, sailing a - [Eb]way I don't know\nWhere... I don[Bb]’t know why… \n[F]Sky, darkening [Eb]grey, wishing there\nweren’t so man-[Bb]y good - byes... \n[Bb]...\n\n{comment_box: exit drums}\n\n{comment: Verse 3A }\n[Cm]maybe some good folk are still going to die \n[Cm/Ab]Little one, littl[Bb/Ab]e one, bit[Ab]ter wind blown \n \n[Cm]mothers shake helpl[Eb/C]ess with[F/c] rage and denial \n[Cm/Ab]Little one, littl[Bb]e one, bitt[Fm]er wind blown \n \n\n{comment: Verse 3B }\n[C5]maybe[C5 (hi)] it migh[Bb5/C]t be less[F/C] deep of a sorrow \n[C]Little one, little[C5/F] one, bitt[F]er wind blown \n \n[C]Not qui[C5 (hi)]te so[Eb/C] many graves[F/c] dug up tomorrow \n[C]Little one, little[C5/F] one, bitt[C]er wind blown",
  "audioUrl": null,
  "previousVersionId": null,
  "nextVersionId": null,
  "originalVersionId": null,
  "renderedContent": null,
  "bpm": null,
  "transpose": null,
  "archived": false,
  "createdBy": "secularsolstice-import",
  "createdAt": "2025-03-23T17:03:58.000Z",
  "dbCreatedAt": "2025-12-22T09:49:25.821Z",
  "slidesMovieUrl": null,
  "slideMovieStart": null,
  "slideCredits": null,
  "programCredits": null,
  "blobUrl": null
}