{
  "id": "ce7608ee-36e3-41f2-9f87-b55a29b9a7a1",
  "songId": "c965f3e8-1406-462c-a4da-dedd37905385",
  "label": "500 Million 2020 Addendum.md",
  "content": "# 500 Million: 2020 Addendum\n## By Maia Werbos\n\n[Note: this speech is no longer endorsed by its author due to obvious failure of\nprediction.]\n\nThere’s one more thing to add this year.\n\nGlobally, as of this week, about 1.6 million people have died of COVID-19.\n\nWithin months after COVID claimed its first victim, we sequenced its genome.\nWithin weeks of that, we developed vaccines using brand-new, extraordinarily\npowerful biological technology. Within one year, we began a worldwide campaign\nto deploy it to every corner of the Earth, erasing this disease once and for\nall.\n\nIf three times as many people die of the novel coronavirus next year, it will\nstill be just over 1% of the death toll that smallpox took on humanity before it\nwas extinguished forever.\n\nYou are a member of the species that did that. Never forget what we are capable\nof, when we band together and declare battle on what is broken in the world.\n\nNever forget that you are part of the species that will destroy SaRS-Cov2.",
  "audioUrl": null,
  "previousVersionId": null,
  "nextVersionId": null,
  "originalVersionId": "ce7608ee-36e3-41f2-9f87-b55a29b9a7a1",
  "renderedContent": null,
  "bpm": null,
  "transpose": null,
  "archived": false,
  "createdBy": "secularsolstice-import",
  "createdAt": "2025-03-23T17:03:58.000Z",
  "dbCreatedAt": "2025-12-22T09:49:25.821Z",
  "slidesMovieUrl": null,
  "slideMovieStart": null,
  "slideCredits": null,
  "programCredits": null,
  "blobUrl": null
}