{
  "id": "fba2570f-3e54-46ee-87a1-ff86ad9f39ac",
  "songId": "ee93ad59-71e8-43a3-9d8d-29af513ce4c4",
  "label": "Makefile",
  "content": "PREFIX=Bitter_Wind_Blown-\nFILES_TO_LIST=lyrics.txt chord-chart.html\n\ngen/${PREFIX}lyrics.txt: chart.csv\n\t../../scripts/csv-to-lyrics.py chart.csv gen/${PREFIX}lyrics.txt 6\n\ninclude ../Makefile.common",
  "audioUrl": null,
  "previousVersionId": null,
  "nextVersionId": null,
  "originalVersionId": null,
  "renderedContent": null,
  "bpm": null,
  "transpose": null,
  "archived": false,
  "createdBy": "secularsolstice-import",
  "createdAt": "2025-03-23T17:03:58.000Z",
  "dbCreatedAt": "2025-12-22T09:49:25.821Z",
  "slidesMovieUrl": null,
  "slideMovieStart": null,
  "slideCredits": null,
  "programCredits": null,
  "blobUrl": null
}