{
  "id": "ad7d119a-8aa4-4fb6-9cda-aa73bc5d0ac4",
  "songId": "512003b4-c3a3-40ae-ab5a-de7d405e3ccf",
  "label": "README.md",
  "content": "# Bridge over Troubled Water\n## By Paul Simon and Art Garfunkel\n## A promise of support\n\nAn outside song. [Original recording with lyrics](https://www.youtube.com/watch?v=H_a46WJ1viA)",
  "audioUrl": null,
  "previousVersionId": null,
  "nextVersionId": null,
  "originalVersionId": null,
  "renderedContent": null,
  "bpm": null,
  "transpose": null,
  "archived": false,
  "createdBy": "secularsolstice-import",
  "createdAt": "2025-03-23T17:03:58.000Z",
  "dbCreatedAt": "2025-12-22T09:49:25.821Z",
  "slidesMovieUrl": null,
  "slideMovieStart": null,
  "slideCredits": null,
  "programCredits": null,
  "blobUrl": null
}