{
  "id": "3a3c883d-138a-4f80-b76a-a6001043bb96",
  "songId": "87b3d6bf-3704-428c-be44-bf5894e8858c",
  "label": "chord-sheet.ugc",
  "content": "--------------------------------------\nAlways Look on the Bright Side of Life\n--------------------------------------\n\nAm                 D            G               Em\nSome things in life are bad they can really make you mad\nAm                   D         G\nOther things just make you swear and curse\nAm                D             G              Em\nWhen you've chewing an life's gristle, Don't grumble give a whistle\nAm                                   D7\nAnd this'll help things turn out for the best\n\nG      Em          Am     D7      G      Em    Am    D7\nAnd always look on the bright side of life\nG   Em          Am    D7      G     Em    Am    D7\nAlways look on the light side of life\n\nIf life seems jolly rotten there's something you've forgotten\nand that's to laugh and smile and dance and sing.\nWhen you've feeling in the dumps don't be silly chumps\nJust purse your lips and whistle -- that's the thing\n\nAnd always look on the bright side of life\nCome on always look on the bright side of life\n\nFor life is quite absurd and death's the final word\nyou must always face the curtain with a bow\nForget about your sin -- give the audience a grin\nEnjoy it -- it's your last chance anyhow.\n\nSo always look on the bright side of death\njust before you draw your terminal breath\n\nLife's a piece of spit when you look at it\nLife's a laugh and death's a joke it's true\nYou'll see it's all a show -- keep'em laughing as you go\njust remember that the last laugh is on you\n\nAnd always look on the bright side of life\nAlways look on the right side of life\nA      F#          Bm    E7      A     F#    Bm    E7\nAnd always look on the bright side of life\nAlways look on the right side of life (retardando)",
  "audioUrl": null,
  "previousVersionId": "1f1848d0-7674-4f07-8b04-30c5c562b303",
  "nextVersionId": null,
  "originalVersionId": "1b72c0fb-6431-4397-8ca2-804792f66bfc",
  "renderedContent": null,
  "bpm": null,
  "transpose": null,
  "archived": false,
  "createdBy": "secularsolstice-import",
  "createdAt": "2025-03-23T17:03:58.000Z",
  "dbCreatedAt": "2025-12-22T09:49:25.821Z",
  "slidesMovieUrl": null,
  "slideMovieStart": null,
  "slideCredits": null,
  "programCredits": null,
  "blobUrl": null
}