{
  "id": "b36005e6-1a61-42ee-9d1f-7119490f169e",
  "songId": "347696de-4291-4522-8a51-84927ed8129c",
  "label": "nuclearWinter.cho",
  "content": "A5\n_Sun barely shining _across the horizon\nA5\n_Little one, little one, _bitter wind blown…\nAm\n_Black rain is dripping down _silhouettes brittle, oh\nA5\n_Little one, little one, _bitter wind blown…\n\nA5\n_Watching you wither in Little Boy’s wake, oh\nF5\n_Little one, little one, bitter wind blown…\nAm\n_And seeing you shake as you fold the last papercrane, oh\nF\n_Little one, little one, bitter wind blown…\n\nSun, sailing away,\nI don’t know where\nI don’t know why\nSky, darkening gray,\nWishing there weren’t so many goodbyes…\nLittle one, little one, why…\nLittle one why…\n\nInstrumental\n\nMight be a winter like never been sown before\nLittle one, little one, bitter wind blown…\nPhysicists knowing sin, can’t be be un-known, oh \nLittle one, little one, bitter wind blown…\n\nPetrov and Arkhipov hanging by threads, oh\nLittle one, little one, bitter wind blown…\nKhrushchev and Kennedy tangled in their own webs\nLittle one, little one, bitter wind blown…\n\nBut step by step, hotline and parley and precedent\nLittle one, little one, bitter wind blown…\nProtest and pact inching back from the precipice,\nLittle one, little one, bitter wind blown…\n\nAnd our children keep watch to keep winter from coming\nLooking and laboring, doing what must be done\nLittle one, little one, bitter wind blown…\nLittle one, little one, bitter wind blown…\n\nSun, sailing away,\nI don’t know where, I don’t know why\nSky, darkening gray,\nHoping there won’t be too many goodbyes…\n\nAnd maybe some good folk are still gonna die\nLittle one, little one, bitter wind blown…\n…\nTheir mothers shake helpless with rage and denial\nLittle one, little one, bitter wind blown…\n\nBut maybe it might be less lasting a sorrow,\nLittle one, little one, bitter wind blown…\n…\nMore mothers left to dig graves up tomorrow\nLittle one, little one, bitter wind blown…\n",
  "audioUrl": null,
  "previousVersionId": null,
  "nextVersionId": null,
  "originalVersionId": null,
  "renderedContent": null,
  "bpm": 100,
  "transpose": 0,
  "archived": false,
  "createdBy": "Raymond",
  "createdAt": "2025-11-28T22:54:09.202Z",
  "dbCreatedAt": "2025-12-22T09:49:25.821Z",
  "slidesMovieUrl": null,
  "slideMovieStart": null,
  "slideCredits": null,
  "programCredits": null,
  "blobUrl": null
}