{
  "id": "1b72c0fb-6431-4397-8ca2-804792f66bfc",
  "songId": "87b3d6bf-3704-428c-be44-bf5894e8858c",
  "label": "Makefile",
  "content": "PREFIX=Always_Look_on_the_Bright_Side-\nFILES_TO_LIST=lyrics.txt chord-sheet.cho chord-sheet.pdf \n\n\ngen/${PREFIX}lyrics.txt: chord-sheet.ugc\n\t../../scripts/parse_ugc.py chord-sheet.ugc --lyrics > gen/${PREFIX}lyrics.txt\n\ninclude ../Makefile.common",
  "audioUrl": null,
  "previousVersionId": null,
  "nextVersionId": "1f1848d0-7674-4f07-8b04-30c5c562b303",
  "originalVersionId": "1b72c0fb-6431-4397-8ca2-804792f66bfc",
  "renderedContent": null,
  "bpm": null,
  "transpose": null,
  "archived": false,
  "createdBy": "secularsolstice-import",
  "createdAt": "2025-03-23T17:03:58.000Z",
  "dbCreatedAt": "2025-12-22T09:49:25.821Z",
  "slidesMovieUrl": null,
  "slideMovieStart": null,
  "slideCredits": null,
  "programCredits": null,
  "blobUrl": null
}